year,acclimatised,year,adventive,year,alien,year,allochthonous,year,anthropochore,year,archaeophyte,year,bioinvader,year,biopollution,year,casual,year,coloniser,year,cryptogenic,year,"domestic (invasive, exotic, alien)",year,escaped,year,established,year,exotic,year,expanding,year,extralimital,year,feral,year,foreign,year,immigrant,year,imported,year,intra-country established alien,year,introduced,year,invader,year,invasive,year,invasive alien,year,invasive non-native,year,invasive super dominant,year,migrant,year,naturalised,year,neobiota,year,neophyte,year,new non-native,year,neonative,year,newcomer,year,non-indigenous,year,non-native,year,non-resident,year,noxious,year,nuisance,year,pest,year,quarantine,year,questionable,year,range-expanding,year,released,year,restocked,year,tramp,year,transferred,year,transformer,year,transient,year,translocated,year,transplanted,year,transported,year,unwanted,year,vagrant,year,vermin,year,waif,year,weed,year,xenobiota
2023,131,2023,16,2023,976,2023,138,2023,2,2023,11,2023,2,2023,1,2023,136,2023,180,2023,21,2023,2,2023,1604,2024,1,2023,748,2024,1,2023,9,2023,191,2023,2795,2023,560,2023,1892,2019,1,2024,1,2023,302,2023,6135,2023,261,2023,23,,,2023,1142,2023,134,2023,3,2023,34,2023,729,2023,2,2023,78,2023,200,2023,729,2023,62,2023,217,2023,131,2024,2,2023,342,2023,238,2023,12,2023,13768,2023,39,2023,10,2023,14387,2023,945,2023,3110,2023,514,2023,1772,2024,2,2023,416,2023,22,2023,8,2023,1,2023,1526,2011,1
2022,270,2022,30,2022,1714,2022,249,2022,5,2022,17,2021,4,2021,4,2022,320,2022,293,2022,51,2022,1,2022,3229,2023,27086,2022,1435,2023,9504,2022,11,2022,319,2022,5795,2022,1255,2022,3777,,,2023,15020,2022,561,2022,11395,2022,493,2022,44,,,2022,2293,2022,282,2022,5,2022,58,2022,1311,2022,4,2022,164,2022,371,2022,1311,2022,111,2022,375,2022,309,2023,5762,2022,990,2022,465,2022,40,2022,26707,2022,109,2022,36,2022,29040,2022,1203,2022,6592,2022,1015,2022,3502,2023,14660,2022,904,2022,46,2022,13,2022,4,2022,2850,,
2021,286,2021,31,2021,1886,2021,280,2021,4,2021,14,2020,2,2020,2,2021,327,2021,343,2021,72,2020,4,2021,3140,2022,53403,2021,1585,2022,17567,2021,16,2021,403,2021,5880,2021,1372,2021,3834,,,2022,29961,2021,658,2021,12040,2021,509,2021,45,,,2021,2616,2021,270,2021,3,2021,49,2021,1514,2021,5,2021,194,2021,419,2021,1514,2021,130,2021,425,2021,351,2022,11012,2021,1393,2021,508,2021,30,2021,27327,2021,110,2021,39,2021,28629,2021,425,2021,6989,2021,1129,2021,3688,2022,29528,2021,967,2021,50,2021,9,2021,2,2021,3069,,
2020,267,2020,34,2020,1809,2020,250,2020,4,2020,15,2019,3,2019,1,2020,294,2020,339,2020,72,2019,1,2020,2564,2021,52894,2020,1582,2021,17195,2020,29,2020,423,2020,6042,2020,1388,2020,4019,,,2021,29523,2020,655,2020,11084,2020,435,2020,62,,,2020,2472,2020,253,2020,1,2020,48,2020,1443,2020,1,2020,166,2020,358,2020,1443,2020,125,2020,349,2020,351,2021,11151,2020,1042,2020,456,2020,33,2020,25077,2020,82,2020,32,2020,26391,2020,298,2020,6514,2020,1023,2020,3574,2021,29673,2020,839,2020,38,2020,9,2020,2,2020,3087,,
2019,273,2019,35,2019,1600,2019,273,2019,9,2019,14,2018,1,2018,1,2019,295,2019,351,2019,55,2017,1,2019,2403,2020,47493,2019,1465,2020,14682,2019,20,2019,377,2019,5880,2019,1305,2019,3582,,,2020,26731,2019,661,2019,9776,2019,357,2019,29,,,2019,2249,2019,265,2019,5,2019,37,2019,1329,2019,1,2019,159,2019,351,2019,1329,2019,119,2019,320,2019,323,2020,10303,2019,294,2019,432,2019,36,2019,22662,2019,74,2019,30,2019,24569,2019,237,2019,6281,2019,938,2019,3253,2020,28085,2019,806,2019,42,2019,7,2018,1,2019,2611,,
2018,234,2018,21,2018,1343,2018,260,2018,5,2018,14,2017,1,2017,1,2018,277,2018,298,2018,43,2016,1,2018,2223,2019,42989,2018,1374,2019,13188,2018,19,2018,314,2018,5448,2018,1154,2018,3282,,,2019,25236,2018,555,2018,8893,2018,253,2018,31,,,2018,2004,2018,213,2018,7,2018,33,2018,1213,2013,1,2018,141,2018,304,2018,1213,2018,108,2018,317,2018,276,2019,9181,2018,263,2018,401,2018,28,2018,20619,2018,89,2018,29,2018,21603,2018,194,2018,5846,2018,888,2018,3069,2019,25522,2018,677,2018,41,2018,9,2016,2,2018,2493,,
2017,244,2017,26,2017,1404,2017,246,2017,10,2017,16,2016,2,2016,3,2017,253,2017,286,2017,52,2015,2,2017,2208,2018,37779,2017,1385,2018,11336,2017,18,2017,300,2017,5676,2017,1143,2017,3176,,,2018,22009,2017,590,2017,8932,2017,273,2017,31,,,2017,1987,2017,229,2017,5,2017,47,2017,1118,1969,1,2017,143,2017,303,2017,1118,2017,117,2017,319,2017,275,2018,8018,2017,243,2017,403,2017,16,2017,19747,2017,87,2017,41,2017,20986,2017,199,2017,5836,2017,914,2017,3097,2018,23460,2017,693,2017,23,2017,5,2015,1,2017,2251,,
2016,221,2016,32,2016,1172,2016,241,2016,5,2016,7,2015,4,2015,2,2016,262,2016,322,2016,52,2014,1,2016,2157,2017,35874,2016,1388,2017,10733,2016,14,2016,326,2016,5021,2016,1035,2016,2948,,,2017,21510,2016,527,2016,8296,2016,222,2016,32,,,2016,1697,2016,217,2016,2,2016,50,2016,1064,,,2016,114,2016,273,2016,1064,2016,77,2016,310,2016,274,2017,7391,2016,252,2016,401,2016,20,2016,19115,2016,88,2016,51,2016,20745,2016,140,2016,5732,2016,963,2016,2868,2017,22160,2016,580,2016,29,2016,3,2014,3,2016,2155,,
2015,267,2015,19,2015,1163,2015,209,2015,3,2015,15,2012,5,2014,1,2015,228,2015,273,2015,54,2013,2,2015,2082,2016,34121,2015,1273,2016,9679,2015,15,2015,269,2015,4849,2015,1055,2015,2763,,,2016,20248,2015,587,2015,7848,2015,187,2015,23,,,2015,1478,2015,227,2014,1,2015,44,2015,1061,,,2015,137,2015,266,2015,1061,2015,93,2015,253,2015,267,2016,6948,2015,273,2015,380,2015,20,2015,18255,2015,63,2015,45,2015,18750,2015,179,2015,5540,2015,917,2015,2950,2016,21776,2015,513,2015,37,2015,3,2013,4,2015,2098,,
2014,247,2014,19,2014,951,2014,193,2014,1,2014,11,2010,1,2013,3,2014,197,2014,241,2014,28,2012,2,2014,1830,2015,32198,2014,1162,2015,9006,2014,17,2014,270,2014,3489,2014,859,2014,2329,,,2015,18698,2014,482,2014,6850,2014,150,2014,17,,,2014,1228,2014,173,2013,1,2014,31,2014,909,,,2014,77,2014,199,2014,909,2014,84,2014,228,2014,234,2015,6511,2014,215,2014,303,2014,23,2014,17401,2014,76,2014,48,2014,17696,2014,152,2014,5452,2014,888,2014,2594,2015,20330,2014,475,2014,30,2014,4,2012,3,2014,1810,,
2013,219,2013,17,2013,908,2013,186,2013,3,2013,5,2009,1,2012,1,2013,213,2013,212,2013,39,2010,1,2013,1810,2014,27455,2013,1199,2014,7756,2013,14,2013,249,2013,3284,2013,867,2013,2333,,,2014,16355,2013,469,2013,6479,2013,161,2013,13,,,2013,1143,2013,150,2012,2,2013,25,2013,808,,,2013,99,2013,201,2013,808,2013,60,2013,215,2013,215,2014,5732,2013,213,2013,308,2013,13,2013,16656,2013,84,2013,53,2013,16660,2013,127,2013,5500,2013,912,2013,2525,2014,19098,2013,422,2013,31,2013,6,2010,2,2013,1784,,
2012,224,2012,22,2012,873,2012,179,2012,2,2012,13,2008,1,2011,3,2012,186,2012,216,2012,27,2008,2,2012,1639,2013,26979,2012,1153,2013,6954,2012,13,2012,226,2012,3099,2012,735,2012,2303,,,2013,15255,2012,465,2012,5941,2012,129,2012,18,,,2012,1095,2012,157,2011,1,2012,37,2012,776,,,2012,85,2012,197,2012,776,2012,65,2012,201,2012,216,2013,5340,2012,222,2012,321,2012,9,2012,15913,2012,58,2012,47,2012,16121,2012,98,2012,5221,2012,938,2012,2433,2013,18416,2012,374,2012,32,2012,7,2009,3,2012,1892,,
2011,236,2011,19,2011,912,2011,160,2011,5,2011,15,2006,1,2010,1,2011,207,2011,216,2011,31,2006,1,2011,1686,2012,24907,2011,1152,2012,6252,2011,12,2011,214,2011,3170,2011,759,2011,2144,,,2012,13912,2011,448,2011,5496,2011,144,2011,14,,,2011,1060,2011,158,2009,1,2011,41,2011,724,,,2011,84,2011,201,2011,724,2011,66,2011,212,2011,198,2012,5258,2011,233,2011,276,2011,9,2011,15167,2011,76,2011,38,2011,15355,2011,96,2011,4901,2011,929,2011,2296,2012,17050,2011,385,2011,42,2011,5,2007,2,2011,1914,,
2010,206,2010,22,2010,783,2010,192,2010,2,2010,11,2003,1,2007,1,2010,151,2010,178,2010,28,2002,1,2010,1512,2011,23286,2010,1112,2011,6051,2010,18,2010,215,2010,2932,2010,734,2010,2166,,,2011,13513,2010,375,2010,4768,2010,146,2010,10,,,2010,867,2010,152,2008,1,2010,28,2010,680,,,2010,60,2010,218,2010,680,2010,44,2010,176,2010,205,2011,5228,2010,209,2010,253,2010,9,2010,14094,2010,66,2010,50,2010,14511,2010,96,2010,4612,2010,871,2010,2015,2011,16390,2010,357,2010,25,2010,4,2006,3,2010,1744,,
2009,196,2009,23,2009,668,2009,167,2009,5,2009,13,2002,1,2005,1,2009,176,2009,206,2009,26,1995,1,2009,1369,2010,22236,2009,1036,2010,5497,2009,13,2009,215,2009,2871,2009,645,2009,2090,,,2010,12991,2009,347,2009,4231,2009,112,2009,13,,,2009,771,2009,121,2007,1,2009,29,2009,543,,,2009,71,2009,166,2009,543,2009,42,2009,205,2009,192,2010,4399,2009,196,2009,239,2009,7,2009,13352,2009,60,2009,27,2009,14318,2009,98,2009,4360,2009,865,2009,1908,2010,15233,2009,308,2009,37,2009,4,2005,2,2009,1719,,
2008,157,2008,18,2008,590,2008,152,2008,2,2008,7,2001,1,2004,1,2008,143,2008,175,2008,21,,,2008,1452,2009,20894,2008,923,2009,4937,2008,3,2008,176,2008,2432,2008,517,2008,1836,,,2009,12634,2008,308,2008,3770,2008,85,2008,16,,,2008,688,2008,149,2004,1,2008,27,2008,508,,,2008,43,2008,159,2008,508,2008,46,2008,181,2008,181,2009,4172,2008,160,2008,225,2008,7,2008,12800,2008,64,2008,30,2008,13533,2008,108,2008,4333,2008,835,2008,1924,2009,15034,2008,279,2008,15,2008,4,2004,2,2008,1823,,
2007,165,2007,22,2007,544,2007,137,2007,3,2007,2,1999,1,2002,1,2007,136,2007,153,2007,17,,,2007,1234,2008,18972,2007,873,2008,4261,2007,7,2007,181,2007,2122,2007,493,2007,1712,,,2008,11898,2007,284,2007,3147,2007,72,2007,10,,,2007,605,2007,113,,,2007,11,2007,434,,,2007,67,2007,158,2007,434,2007,36,2007,164,2007,150,2008,3975,2007,158,2007,209,2007,3,2007,11770,2007,41,2007,27,2007,13184,2007,122,2007,4375,2007,807,2007,1641,2008,13888,2007,255,2007,18,2007,6,2002,1,2007,1549,,
2006,127,2006,16,2006,429,2006,118,2006,4,2006,5,1997,3,1998,1,2006,102,2006,130,2006,14,,,2006,1169,2007,17493,2006,858,2007,4122,2006,11,2006,175,2006,1584,2006,443,2006,1454,,,2007,11271,2006,240,2006,2790,2006,60,2006,8,,,2006,571,2006,94,,,2006,23,2006,369,,,2006,46,2006,140,2006,369,2006,30,2006,136,2006,150,2007,3411,2006,153,2006,211,2006,4,2006,11539,2006,50,2006,20,2006,11839,2006,42,2006,4142,2006,863,2006,1497,2007,13366,2006,245,2006,23,2006,2,2001,1,2006,1525,,
2005,119,2005,13,2005,373,2005,108,2003,2,2005,2,,,1991,1,2005,86,2005,131,2005,16,,,2005,1070,2006,14659,2005,693,2006,3425,2005,7,2005,162,2005,1427,2005,342,2005,1411,,,2006,8550,2005,213,2005,2466,2005,37,2005,9,,,2005,438,2005,95,,,2005,15,2005,349,,,2005,35,2005,130,2005,349,2005,28,2005,134,2005,138,2006,3120,2005,142,2005,186,2005,3,2005,11161,2005,35,2005,17,2005,11409,2005,50,2005,4051,2005,837,2005,1339,2006,12327,2005,204,2005,15,2005,5,2000,6,2005,1381,,
2004,106,2004,12,2004,377,2004,95,2002,3,2004,5,,,,,2004,99,2004,142,2004,13,,,2004,1029,2005,13623,2004,625,2005,3053,2004,4,2004,125,2004,1362,2004,310,2004,1289,,,2005,7830,2004,209,2004,2134,2004,55,2004,6,,,2004,430,2004,81,,,2004,16,2004,289,,,2004,29,2004,100,2004,289,2004,31,2004,135,2004,130,2005,2985,2004,129,2004,167,2004,3,2004,10887,2004,32,2004,10,2004,11125,2004,50,2004,4074,2004,836,2004,1335,2005,12077,2004,197,2004,8,2004,2,1999,6,2004,1386,,
2003,130,2003,16,2003,303,2003,91,2001,2,2003,7,,,,,2003,77,2003,114,2003,9,,,2003,928,2004,12876,2003,578,2004,2787,2003,8,2003,144,2003,1251,2003,275,2003,1321,,,2004,6970,2003,142,2003,1825,2003,32,2003,2,,,2003,378,2003,75,,,2003,11,2003,245,,,2003,32,2003,88,2003,245,2003,34,2003,128,2003,134,2004,2728,2003,102,2003,166,2003,3,2003,10447,2003,30,2003,16,2003,10667,2003,46,2003,4080,2003,821,2003,1191,2004,11450,2003,172,2003,13,2003,2,1998,3,2003,1246,,
2002,95,2002,13,2002,239,2002,78,1998,1,2002,2,,,,,2002,68,2002,131,2002,9,,,2002,870,2003,11730,2002,450,2003,2565,2002,8,2002,137,2002,1271,2002,261,2002,1274,,,2003,6448,2002,141,2002,1522,2002,20,2002,4,,,2002,380,2002,66,,,2002,4,2002,215,,,2002,23,2002,66,2002,215,2002,29,2002,111,2002,116,2003,2644,2002,86,2002,171,2002,6,2002,10276,2002,31,2002,9,2002,9987,2002,34,2002,3885,2002,774,2002,1140,2003,10945,2002,164,2002,7,2002,1,1997,2,2002,1215,,
2001,96,2001,9,2001,273,2001,78,1997,2,1998,2,,,,,2001,77,2001,121,2001,8,,,2001,833,2002,11213,2001,495,2002,2348,2001,8,2001,120,2001,1237,2001,236,2001,1256,,,2002,6070,2001,136,2001,1397,2001,14,2001,4,,,2001,319,2001,68,,,2001,5,2001,193,,,2001,20,2001,77,2001,193,2001,36,2001,98,2001,120,2002,2378,2001,93,2001,148,2001,1,2001,9911,2001,25,2001,17,2001,10045,2001,46,2001,3902,2001,806,2001,1096,2002,10750,2001,126,2001,14,2001,2,1996,3,2001,1092,,
2000,69,2000,13,2000,219,2000,60,1996,2,1995,1,,,,,2000,57,2000,114,2000,8,,,2000,806,2001,10507,2000,422,2001,2126,2000,7,2000,114,2000,1158,2000,217,2000,1143,,,2001,5771,2000,99,2000,1166,2000,7,2000,1,,,2000,291,2000,66,,,2000,6,2000,182,,,2000,32,2000,77,2000,182,2000,17,2000,95,2000,106,2001,2165,2000,82,2000,155,2000,2,2000,9801,2000,28,2000,9,2000,9461,2000,30,2000,3994,2000,774,2000,1122,2001,10548,2000,134,2000,13,2000,1,1995,4,2000,1035,,
1999,69,1999,10,1999,233,1999,58,1994,1,1994,2,,,,,1999,53,1999,85,1999,7,,,1999,736,2000,10218,1999,343,2000,2132,1999,5,1999,134,1999,1119,1999,229,1999,1192,,,2000,5484,1999,82,1999,1055,1999,5,1998,2,,,1999,299,1999,57,,,1999,8,1999,175,,,1999,26,1999,55,1999,175,1999,21,1999,111,1999,81,2000,2439,1999,66,1999,137,1999,3,1999,9395,1999,35,1999,12,1999,9256,1999,32,1999,4022,1999,791,1999,1099,2000,10462,1999,143,1999,13,1999,2,1994,4,1999,1038,,
1998,80,1998,13,1998,262,1998,81,1993,3,1992,2,,,,,1998,59,1998,94,1998,5,,,1998,733,1999,9830,1998,327,1999,1966,1998,1,1998,109,1998,1142,1998,196,1998,1149,,,1999,4897,1998,84,1998,982,1998,8,1997,1,,,1998,317,1998,48,,,1998,14,1998,185,,,1998,30,1998,51,1998,185,1998,23,1998,103,1998,80,1999,2082,1998,87,1998,148,1998,2,1998,9421,1998,29,1998,7,1998,9268,1998,40,1998,3974,1998,702,1998,999,1999,9979,1998,139,1998,14,1998,4,1993,1,1998,887,,
1997,96,1997,11,1997,166,1997,65,1992,2,1991,1,,,,,1997,61,1997,81,1997,6,,,1997,759,1998,10050,1997,321,1998,1904,1997,6,1997,103,1997,1094,1997,158,1997,1106,,,1998,5237,1997,51,1997,850,1997,5,1996,1,,,1997,225,1997,43,,,1997,7,1997,136,,,1997,25,1997,25,1997,136,1997,21,1997,97,1997,92,1998,2070,1997,89,1997,162,1997,1,1997,9410,1997,34,1997,6,1997,8554,1997,44,1997,3829,1997,615,1997,956,1998,10247,1997,123,1997,16,1997,1,1991,2,1997,1084,,
1996,58,1996,12,1996,212,1996,51,1986,2,1983,1,,,,,1996,51,1996,105,1996,4,,,1996,656,1997,9255,1996,272,1997,1744,1996,6,1996,108,1996,1040,1996,162,1996,950,,,1997,5016,1996,67,1996,753,1996,6,1995,1,,,1996,233,1996,44,,,1996,4,1996,109,,,1996,23,1996,34,1996,109,1996,24,1996,85,1996,70,1997,2113,1996,84,1996,141,1994,1,1996,9008,1996,11,1996,2,1996,8038,1996,43,1996,3713,1996,600,1996,876,1997,9368,1996,87,1996,17,1996,1,1987,1,1996,1091,,
1995,62,1995,11,1995,163,1995,46,1982,1,,,,,,,1995,40,1995,84,1995,3,,,1995,625,1996,8566,1995,219,1996,1577,1995,7,1995,103,1995,1037,1995,154,1995,879,,,1996,4223,1995,45,1995,694,1995,2,1994,1,,,1995,228,1995,34,,,1995,3,1995,98,,,1995,28,1995,23,1995,98,1995,21,1995,69,1995,47,1996,2015,1995,52,1995,117,,,1995,8852,1995,28,1994,5,1995,7736,1995,33,1995,3526,1995,562,1995,819,1996,8793,1995,79,1995,3,1995,2,1985,1,1995,883,,
1994,47,1994,8,1994,138,1994,51,1968,1,,,,,,,1994,38,1994,71,1994,4,,,1994,478,1995,7604,1994,219,1995,1336,1994,5,1994,87,1994,903,1994,142,1994,752,,,1995,3753,1994,29,1994,564,1994,3,,,,,1994,201,1994,35,,,1994,6,1994,71,,,1994,23,1994,5,1994,71,1994,13,1994,72,1994,40,1995,1721,1994,45,1994,114,,,1994,8222,1994,17,1993,2,1994,7282,1994,36,1994,3103,1994,588,1994,707,1995,8290,1994,73,1994,6,1994,3,1983,1,1994,773,,
1993,48,1993,8,1993,114,1993,41,,,,,,,,,1993,37,1993,59,1993,3,,,1993,492,1994,6742,1993,169,1994,1235,1993,7,1993,74,1993,884,1993,140,1993,646,,,1994,3303,1993,39,1993,485,1993,5,,,,,1993,192,1993,30,,,1993,2,1993,64,,,1993,19,1993,12,1993,64,1993,14,1993,50,1993,68,1994,1733,1993,51,1993,85,,,1993,7526,1993,17,1992,1,1993,6599,1993,31,1993,2659,1993,464,1993,717,1994,7759,1993,47,1993,12,1993,3,1976,1,1993,908,,
1992,38,1992,13,1992,131,1992,50,,,,,,,,,1992,32,1992,60,1992,4,,,1992,464,1993,6038,1992,149,1993,1107,1992,3,1992,71,1992,876,1992,119,1992,646,,,1993,3033,1992,35,1992,473,1992,3,,,,,1992,212,1992,21,,,1992,1,1992,51,,,1992,11,1992,6,1992,51,1992,19,1992,59,1992,53,1993,1510,1992,62,1992,105,,,1992,7323,1992,10,1991,2,1992,6319,1992,26,1992,2431,1992,487,1992,671,1993,7081,1992,57,1992,7,1991,1,,,1992,726,,
1991,51,1991,12,1991,132,1991,37,,,,,,,,,1991,25,1991,67,1991,6,,,1991,431,1992,5559,1991,164,1992,940,1991,3,1991,80,1991,829,1991,99,1991,495,,,1992,2762,1991,28,1991,344,1991,3,,,,,1991,128,1991,24,,,1991,2,1991,40,,,1991,12,1991,2,1991,40,1991,6,1991,61,1991,35,1992,1446,1991,33,1991,80,,,1991,7072,1991,9,1990,1,1991,5935,1991,26,1991,2390,1991,397,1991,618,1992,7125,1991,37,1991,5,1985,1,,,1991,803,,
1990,6,1990,2,1990,46,1990,31,,,,,,,,,1990,7,1990,14,1990,1,,,1990,97,1991,5319,1990,55,1991,765,1990,2,1990,51,1990,374,1990,39,1990,204,,,1991,2468,1990,2,1990,88,1989,1,,,,,1990,50,1990,8,,,1989,2,1990,9,,,1990,4,1990,4,1990,9,1990,4,1990,14,1990,13,1991,1356,1990,14,1990,21,,,1990,1993,1990,8,1989,1,1990,2148,1990,14,1990,438,1990,84,1990,213,1991,6691,1990,11,1990,2,1978,1,,,1990,410,,
1989,6,1989,5,1989,37,1989,2,,,,,,,,,1989,1,1989,3,1988,1,,,1989,56,1990,823,1989,65,1990,170,1988,1,1989,33,1989,275,1989,28,1989,156,,,1990,387,1989,4,1989,69,1986,1,,,,,1989,37,1989,5,,,1988,2,1989,1,,,1989,3,1988,1,1989,1,1989,1,1989,9,1989,11,1990,685,1989,8,1989,15,,,1989,1459,1989,1,1985,1,1989,1456,1989,8,1989,253,1989,45,1989,148,1990,2281,1989,4,1988,2,1977,1,,,1989,301,,
1988,4,1988,5,1988,28,1988,5,,,,,,,,,1988,2,1988,3,1987,1,,,1988,58,1989,154,1988,33,1989,85,1987,2,1988,31,1988,297,1988,24,1988,158,,,1989,104,1988,2,1988,42,1985,2,,,,,1988,33,1988,8,,,1987,1,1988,3,,,1988,2,1985,2,1988,3,1988,1,1988,12,1988,9,1989,474,1988,8,1988,13,,,1988,1525,1988,1,1983,1,1988,1342,1988,11,1988,264,1988,35,1988,181,1989,1734,1988,3,1986,2,1975,1,,,1988,240,,
1987,2,1987,2,1987,22,1987,2,,,,,,,,,1986,2,1987,5,1986,1,,,1987,46,1988,128,1987,37,1988,60,1985,1,1987,32,1987,262,1987,27,1987,179,,,1988,112,1987,6,1987,54,,,,,,,1987,25,1987,9,,,1984,1,1985,2,,,1987,8,1984,1,1985,2,1987,3,1987,9,1987,5,1988,391,1987,5,1987,11,,,1987,1509,1987,1,1982,1,1987,1404,1987,9,1987,285,1987,43,1987,205,1988,1728,1987,5,1984,2,1972,1,,,1987,229,,
1986,4,1986,6,1986,29,1986,3,,,,,,,,,1985,1,1986,7,1985,1,,,1986,51,1987,132,1986,45,1987,83,1984,2,1986,30,1986,239,1986,42,1986,113,,,1987,105,1986,6,1986,49,,,,,,,1986,31,1986,4,,,1979,2,1984,1,,,1986,4,1981,1,1984,1,1986,2,1986,4,1986,6,1987,371,1986,3,1986,15,,,1986,1447,1986,3,1979,1,1986,1402,1986,15,1986,221,1986,51,1986,156,1987,1678,1986,3,1983,2,1969,1,,,1986,206,,
1985,5,1985,2,1985,24,1985,5,,,,,,,,,1984,2,1985,5,1984,3,,,1985,54,1986,123,1985,35,1986,46,1983,2,1985,31,1985,256,1985,28,1985,102,,,1986,103,1985,4,1985,30,,,,,,,1985,38,1985,6,,,1975,1,1983,1,,,1985,2,1979,1,1983,1,1985,3,1985,7,1985,5,1986,324,1985,6,1985,16,,,1985,1420,1985,3,1976,3,1985,1291,1985,14,1985,208,1985,44,1985,136,1986,1707,1985,6,1981,3,1918,2,,,1985,223,,
1984,6,1984,2,1984,27,1984,4,,,,,,,,,1982,2,1984,3,1983,2,,,1984,34,1985,94,1984,33,1985,64,1981,1,1984,39,1984,217,1984,27,1984,87,,,1985,81,1984,3,1984,35,,,,,,,1984,33,1984,6,,,1966,1,1982,1,,,1984,3,1975,1,1982,1,1984,3,1984,7,1984,5,1985,326,1984,5,1984,13,,,1984,1209,1979,2,1975,1,1984,1315,1984,8,1984,184,1984,44,1984,132,1985,1601,1984,4,1980,4,1917,1,,,1984,195,,
1983,4,1983,6,1983,28,1983,4,,,,,,,,,1981,2,1983,6,1981,1,,,1983,52,1984,103,1983,34,1984,58,1980,3,1983,33,1983,255,1983,24,1983,112,,,1984,94,1983,2,1983,42,,,,,,,1983,29,1983,5,,,,,1980,1,,,1983,1,1974,1,1980,1,1983,7,1983,14,1983,7,1984,325,1983,12,1983,15,,,1983,1195,1978,1,1974,1,1983,1381,1983,4,1983,178,1983,38,1983,141,1984,1715,1983,1,1977,2,,,,,1983,210,,
1982,3,1982,1,1982,28,1982,4,,,,,,,,,1980,7,1982,4,1980,1,,,1982,42,1983,107,1982,23,1983,45,1979,2,1982,32,1982,207,1982,17,1982,106,,,1983,69,1982,6,1982,40,,,,,,,1982,48,1982,8,,,,,1979,2,,,1982,1,1970,1,1979,2,1982,3,1982,11,1982,5,1983,418,1982,2,1982,11,,,1982,1113,1975,2,1972,4,1982,1370,1982,7,1982,155,1982,33,1982,125,1983,1672,1981,2,1974,2,,,,,1982,208,,
1981,0,1981,2,1981,21,1981,7,,,,,,,,,1979,4,1981,4,1979,2,,,1981,37,1982,106,1981,24,1982,64,1976,1,1981,28,1981,234,1981,17,1981,74,,,1982,90,1981,2,1981,31,,,,,,,1981,27,1981,14,,,,,1978,1,,,1981,3,1967,1,1978,1,1981,2,1981,8,1981,7,1982,324,1981,5,1981,15,,,1981,945,1968,2,1969,1,1981,1273,1981,2,1981,139,1981,13,1981,109,1982,1669,1980,2,1971,1,,,,,1981,201,,
1980,3,1980,3,1980,21,1980,3,,,,,,,,,1978,2,1980,6,1978,1,,,1980,46,1981,81,1980,40,1981,44,1974,1,1980,33,1980,244,1980,13,1980,79,,,1981,82,1978,2,1980,36,,,,,,,1980,30,1980,7,,,,,1976,1,,,1980,3,,,1976,1,1980,5,1980,7,1980,5,1981,340,1980,5,1980,9,,,1980,955,1959,1,1968,1,1980,1246,1980,2,1980,132,1980,21,1980,103,1981,1552,1979,1,1970,2,,,,,1980,228,,
1979,6,1979,4,1979,23,1979,2,,,,,,,,,1977,2,1979,3,1976,1,,,1979,32,1980,104,1979,30,1980,45,1971,1,1979,18,1979,274,1979,17,1979,85,,,1980,54,1977,1,1979,29,,,,,,,1979,34,1979,3,,,,,,,,,1979,2,,,,,1979,3,1979,10,1979,4,1980,371,1979,7,1979,8,,,1979,759,1956,1,1961,1,1979,1159,1979,12,1979,120,1979,17,1979,93,1980,1525,1978,1,1967,1,,,,,1979,218,,
1978,5,1978,2,1978,21,1977,2,,,,,,,,,1976,3,1978,1,1974,1,,,1978,46,1979,109,1978,42,1979,45,1968,1,1978,20,1978,204,1978,29,1978,70,,,1979,58,1976,1,1978,21,,,,,,,1978,35,1978,5,,,,,,,,,1977,2,,,,,1978,6,1978,6,1978,4,1979,356,1978,5,1978,5,,,1978,845,1953,1,1960,1,1978,1120,1978,5,1978,129,1978,13,1978,84,1979,1353,1977,3,1966,1,,,,,1978,204,,
1977,3,1977,1,1977,19,1976,1,,,,,,,,,1975,1,1977,1,,,,,1977,31,1978,94,1977,32,1978,44,1967,1,1977,15,1977,236,1977,21,1977,88,,,1978,60,1974,1,1977,14,,,,,,,1977,34,1977,1,,,,,,,,,1976,2,,,,,1977,3,1977,9,1977,7,1978,374,1977,5,1977,10,,,1977,771,1950,1,1956,1,1977,1105,1977,3,1977,112,1977,10,1977,80,1978,1395,1976,2,1965,1,,,,,1977,166,,
1976,6,1976,2,1976,23,1974,4,,,,,,,,,1974,2,1976,1,,,,,1976,36,1977,70,1976,21,1977,45,1966,2,1976,12,1976,210,1976,18,1976,88,,,1977,35,1972,4,1976,5,,,,,,,1976,22,1976,3,,,,,,,,,1975,1,,,,,1976,6,1976,5,1976,1,1977,292,1976,4,1976,9,,,1976,708,1945,1,1928,1,1976,1110,1976,11,1976,93,1976,10,1976,77,1977,1235,1975,5,1947,1,,,,,1976,108,,
1974,5,1975,2,1975,29,1973,2,,,,,,,,,1972,1,1975,4,,,,,1975,35,1976,64,1975,43,1976,39,1965,2,1975,14,1975,209,1975,18,1975,82,,,1976,33,1971,2,1975,2,,,,,,,1975,20,1975,1,,,,,,,,,1974,1,,,,,1975,7,1975,8,1975,3,1976,236,1975,4,1975,11,,,1975,606,1943,1,,,1975,1006,1975,9,1975,102,1975,6,1975,55,1976,1132,1974,4,,,,,,,1975,81,,
1973,2,1973,1,1974,18,1971,1,,,,,,,,,1969,2,1974,1,,,,,1974,29,1975,61,1974,10,1975,47,1947,1,1974,5,1974,193,1974,21,1974,93,,,1975,33,1970,1,1974,7,,,,,,,1974,28,1974,2,,,,,,,,,1973,3,,,,,1974,2,1974,3,1974,3,1975,186,1974,1,1974,15,,,1974,676,1935,1,,,1974,1046,1974,1,1974,72,1974,4,1974,61,1975,1069,1973,2,,,,,,,1974,79,,
1972,3,1972,3,1973,20,1969,3,,,,,,,,,1968,2,1973,1,,,,,1973,27,1974,75,1973,13,1974,52,,,1973,9,1973,184,1973,15,1973,70,,,1974,34,1969,1,1973,2,,,,,,,1973,16,1973,2,,,,,,,,,1972,4,,,,,1973,1,1973,4,1972,2,1974,194,1973,3,1973,13,,,1973,566,1918,1,,,1973,960,1973,13,1973,81,1973,9,1973,67,1974,1077,1972,6,,,,,,,1973,75,,
1971,1,1969,4,1972,23,1967,1,,,,,,,,,1966,1,1972,1,,,,,1972,17,1973,77,1972,18,1973,43,,,1972,9,1972,141,1972,13,1972,69,,,1973,38,1968,2,1972,5,,,,,,,1972,31,1972,1,,,,,,,,,1971,1,,,,,1972,7,1972,2,1971,3,1973,210,1971,3,1972,15,,,1972,436,,,,,1972,924,1972,16,1972,64,1972,4,1972,72,1973,942,1971,2,,,,,,,1972,85,,
1970,2,1968,3,1971,15,,,,,,,,,,,1965,2,1969,1,,,,,1971,23,1972,36,1971,18,1972,45,,,1971,2,1971,155,1971,17,1971,65,,,1972,28,1967,1,1971,2,,,,,,,1971,14,1971,1,,,,,,,,,1969,2,,,,,1970,5,1971,1,1970,3,1972,223,1970,3,1971,11,,,1971,414,,,,,1971,821,1971,2,1971,55,1971,4,1971,53,1972,845,1970,1,,,,,,,1971,94,,
1969,1,1967,1,1970,28,,,,,,,,,,,1963,1,1968,1,,,,,1970,24,1971,45,1970,10,1971,29,,,1970,5,1970,158,1970,11,1970,60,,,1971,31,1964,1,1970,4,,,,,,,1970,14,1967,1,,,,,,,,,1963,2,,,,,1969,1,1970,1,1969,3,1971,196,1969,5,1970,3,,,1970,328,,,,,1970,683,1970,6,1970,63,1970,4,1970,54,1971,794,1969,2,,,,,,,1970,81,,
1968,3,1966,2,1969,11,,,,,,,,,,,1962,2,1963,1,,,,,1969,21,1970,40,1969,6,1970,35,,,1969,3,1969,131,1969,12,1969,56,,,1970,25,1963,1,1969,4,,,,,,,1969,17,1966,1,,,,,,,,,1961,4,,,,,1967,1,1969,3,1968,2,1970,198,1968,4,1969,4,,,1969,278,,,,,1969,673,1969,8,1969,63,1969,8,1969,53,1970,664,1968,5,,,,,,,1969,79,,
1967,2,1965,2,1968,12,,,,,,,,,,,1961,1,1961,1,,,,,1968,14,1969,38,1968,9,1969,47,,,1968,4,1968,155,1968,18,1968,57,,,1969,31,1962,2,1967,3,,,,,,,1968,17,1965,1,,,,,,,,,1960,5,,,,,1965,1,1968,3,1965,1,1969,183,1967,1,1966,2,,,1968,222,,,,,1968,497,1968,7,1968,46,1968,3,1968,41,1969,592,1967,1,,,,,,,1968,68,,
1966,1,1964,1,1967,15,,,,,,,,,,,1960,1,1959,4,,,,,1967,12,1968,43,1967,2,1968,48,,,1967,10,1967,163,1967,16,1967,58,,,1968,38,1958,2,1966,3,,,,,,,1967,11,1950,1,,,,,,,,,1959,2,,,,,1964,1,1967,2,1964,1,1968,167,1966,2,1965,2,,,1967,233,,,,,1967,417,1967,1,1967,40,1967,5,1967,34,1968,562,1966,3,,,,,,,1967,68,,
1964,3,1959,1,1966,15,,,,,,,,,,,1954,1,1957,2,,,,,1966,13,1967,34,1966,3,1967,36,,,1966,4,1966,123,1966,7,1966,20,,,1967,23,1951,1,1965,1,,,,,,,1966,23,,,,,,,,,,,1958,1,,,,,1963,1,1966,1,1963,2,1967,188,1965,1,1962,2,,,1966,187,,,,,1966,375,1966,3,1966,30,1966,7,1966,29,1967,538,1965,3,,,,,,,1966,45,,
1963,4,1957,1,1965,15,,,,,,,,,,,1953,1,,,,,,,1965,15,1966,17,1965,2,1966,11,,,1965,4,1965,97,1965,10,1965,17,,,1966,23,1919,1,1964,4,,,,,,,1965,4,,,,,,,,,,,1957,1,,,,,1960,2,1963,3,1962,1,1966,101,1961,1,1960,1,,,1965,165,,,,,1965,306,1964,4,1965,20,1965,3,1965,39,1966,445,1964,5,,,,,,,1965,21,,
1962,1,1954,1,1964,4,,,,,,,,,,,1936,1,,,,,,,1964,11,1965,28,1964,2,1965,10,,,1964,2,1964,110,1964,5,1964,16,,,1965,14,1915,3,1963,1,,,,,,,1964,8,,,,,,,,,,,1956,4,,,,,1956,2,1960,2,1961,2,1965,97,1960,2,1959,1,,,1964,120,,,,,1964,262,1963,2,1964,22,1964,3,1964,32,1965,340,1963,3,,,,,,,1964,8,,
1961,2,1944,2,1963,3,,,,,,,,,,,1922,1,,,,,,,1963,11,1964,13,1963,3,1964,9,,,1963,3,1963,111,1963,3,1963,14,,,1964,10,,,1962,7,,,,,,,1963,6,,,,,,,,,,,,,,,,,1945,1,1959,3,1959,1,1964,80,1958,1,1958,2,,,1963,106,,,,,1963,242,1961,3,1963,10,1962,2,1963,30,1964,291,1962,1,,,,,,,1963,13,,
1960,3,1921,1,1962,5,,,,,,,,,,,,,,,,,,,1962,12,1963,24,1962,3,1963,17,,,1962,1,1962,107,1962,7,1962,19,,,1963,8,,,1959,2,,,,,,,1962,7,,,,,,,,,,,,,,,,,,,1958,1,1957,1,1963,44,1957,1,1957,1,,,1962,93,,,,,1962,195,1960,1,1962,12,1961,3,1962,28,1963,263,1961,1,,,,,,,1962,8,,
1959,3,1919,1,1961,3,,,,,,,,,,,,,,,,,,,1961,5,1962,20,1958,6,1962,13,,,1961,1,1961,101,1961,19,1961,19,,,1962,14,,,1930,1,,,,,,,1961,4,,,,,,,,,,,,,,,,,,,1957,2,1954,1,1962,45,1951,1,1956,1,,,1961,61,,,,,1961,154,1958,1,1961,7,1959,2,1961,16,1962,194,1951,1,,,,,,,1961,2,,
1957,1,,,1960,6,,,,,,,,,,,,,,,,,,,1960,7,1961,20,1957,1,1961,9,,,1960,2,1960,98,1960,13,1960,14,,,1961,15,,,1922,3,,,,,,,1960,6,,,,,,,,,,,,,,,,,,,1953,2,1949,1,1961,67,1949,1,1955,2,,,1960,71,,,,,1960,153,1957,3,1960,11,1958,1,1960,18,1961,146,,,,,,,,,1960,10,,
1954,2,,,1959,5,,,,,,,,,,,,,,,,,,,1959,8,1960,12,1956,2,1960,10,,,1959,2,1959,98,1959,3,1959,10,,,1960,14,,,1906,1,,,,,,,1959,8,,,,,,,,,,,,,,,,,,,1946,1,1920,1,1960,42,1947,1,1951,1,,,1959,58,,,,,1959,113,1956,1,1959,8,1957,1,1959,11,1960,156,,,,,,,,,1959,16,,
1945,1,,,1958,2,,,,,,,,,,,,,,,,,,,1958,5,1959,13,1955,1,1959,9,,,1958,1,1958,89,1958,10,1958,19,,,1959,6,,,,,,,,,,,1958,3,,,,,,,,,,,,,,,,,,,1939,2,1918,1,1959,50,1946,2,1950,3,,,1958,57,,,,,1958,91,1955,1,1958,6,1956,2,1958,17,1959,118,,,,,,,,,1958,8,,
1944,1,,,1957,6,,,,,,,,,,,,,,,,,,,1957,7,1958,7,1954,1,1958,7,,,1957,2,1957,81,1957,11,1957,13,,,1958,6,,,,,,,,,,,1957,1,,,,,,,,,,,,,,,,,,,1937,1,1916,1,1958,39,1936,2,1949,2,,,1957,43,,,,,1957,67,1954,2,1957,14,1955,3,1957,15,1958,89,,,,,,,,,1957,10,,
1938,2,,,1956,1,,,,,,,,,,,,,,,,,,,1956,4,1957,13,1951,1,1957,9,,,1953,1,1956,80,1956,9,1956,12,,,1957,6,,,,,,,,,,,1956,1,,,,,,,,,,,,,,,,,,,1932,2,1905,1,1957,31,1934,2,1948,2,,,1956,17,,,,,1956,73,1951,1,1956,6,1953,1,1956,6,1957,84,,,,,,,,,1956,6,,
1906,1,,,1953,1,,,,,,,,,,,,,,,,,,,1954,1,1956,3,1948,1,1956,19,,,1952,1,1955,15,1954,1,1955,1,,,1956,4,,,,,,,,,,,1955,1,,,,,,,,,,,,,,,,,,,1928,1,,,1956,40,1930,1,1940,1,,,1955,22,,,,,1955,48,1950,1,1955,4,1946,2,1955,12,1956,57,,,,,,,,,1955,3,,
1903,2,,,1949,1,,,,,,,,,,,,,,,,,,,1953,3,1955,4,1943,1,1955,3,,,1945,2,1954,13,1947,1,1954,1,,,1954,1,,,,,,,,,,,1952,1,,,,,,,,,,,,,,,,,,,1925,1,,,1955,32,1929,1,1926,1,,,1954,14,,,,,1954,50,1949,2,1954,4,,,1954,6,1955,24,,,,,,,,,1954,9,,
,,,,1948,1,,,,,,,,,,,,,,,,,,,1952,1,1954,5,1941,1,1954,5,,,1938,1,1953,10,1946,1,1953,2,,,1953,2,,,,,,,,,,,1951,1,,,,,,,,,,,,,,,,,,,1924,2,,,1954,40,1924,1,1920,1,,,1953,12,,,,,1953,26,1948,1,1953,3,,,1953,8,1954,51,,,,,,,,,1953,11,,
,,,,1946,1,,,,,,,,,,,,,,,,,,,1950,1,1953,3,1935,1,1953,7,,,1936,1,1952,6,1944,1,1952,1,,,1951,1,,,,,,,,,,,1947,1,,,,,,,,,,,,,,,,,,,1923,1,,,1953,22,1923,1,,,,,1952,13,,,,,1952,39,1947,1,1952,7,,,1952,9,1953,27,,,,,,,,,1952,10,,
,,,,1942,1,,,,,,,,,,,,,,,,,,,1949,1,1952,2,1934,1,1952,3,,,,,1951,4,1936,1,1951,4,,,1950,3,,,,,,,,,,,1924,1,,,,,,,,,,,,,,,,,,,1921,1,,,1952,14,1919,1,,,,,1951,15,,,,,1951,28,1946,2,1951,3,,,1951,11,1952,31,,,,,,,,,1951,10,,
,,,,1941,2,,,,,,,,,,,,,,,,,,,1948,1,1951,3,1924,1,1951,1,,,,,1950,10,1934,1,1949,1,,,1948,4,,,,,,,,,,,1919,1,,,,,,,,,,,,,,,,,,,1920,1,,,1951,8,1918,1,,,,,1950,21,,,,,1950,29,1945,1,1950,5,,,1950,16,1951,25,,,,,,,,,1950,16,,
,,,,1940,2,,,,,,,,,,,,,,,,,,,1947,2,1950,2,1921,2,1950,2,,,,,1949,10,1930,1,1948,2,,,1946,2,,,,,,,,,,,1916,1,,,,,,,,,,,,,,,,,,,1918,1,,,1950,11,1917,1,,,,,1949,15,,,,,1949,13,1942,1,1949,3,,,1949,7,1950,21,,,,,,,,,1949,16,,
,,,,1936,1,,,,,,,,,,,,,,,,,,,1946,2,1949,2,1909,1,1949,1,,,,,1948,3,1928,1,1946,1,,,1944,2,,,,,,,,,,,,,,,,,,,,,,,,,,,,,,,1916,1,,,1949,9,1913,1,,,,,1948,5,,,,,1948,15,1941,1,1948,1,,,1948,10,1949,16,,,,,,,,,1948,21,,
,,,,1935,1,,,,,,,,,,,,,,,,,,,1944,1,1948,4,1907,1,1948,1,,,,,1947,2,1926,1,1944,2,,,1943,2,,,,,,,,,,,,,,,,,,,,,,,,,,,,,,,1913,1,,,1948,12,,,,,,,1947,14,,,,,1947,21,1940,2,1947,6,,,1947,11,1948,15,,,,,,,,,1947,23,,
,,,,1933,1,,,,,,,,,,,,,,,,,,,1943,1,1947,4,1905,2,1946,1,,,,,1946,4,1925,1,1942,2,,,1942,1,,,,,,,,,,,,,,,,,,,,,,,,,,,,,,,1909,1,,,1947,11,,,,,,,1946,5,,,,,1946,11,1938,2,1946,2,,,1946,11,1947,9,,,,,,,,,1946,13,,
,,,,1931,1,,,,,,,,,,,,,,,,,,,1941,2,1946,4,1904,2,1945,1,,,,,1945,2,1924,2,1939,1,,,1941,3,,,,,,,,,,,,,,,,,,,,,,,,,,,,,,,,,,,1946,6,,,,,,,1945,5,,,,,1945,5,1936,1,1945,1,,,1945,7,1946,4,,,,,,,,,1945,9,,
,,,,1928,2,,,,,,,,,,,,,,,,,,,1939,3,1945,2,1903,2,1944,1,,,,,1940,1,1918,1,1938,2,,,1940,2,,,,,,,,,,,,,,,,,,,,,,,,,,,,,,,,,,,1945,7,,,,,,,1944,4,,,,,1944,5,1935,1,1944,2,,,1944,5,1945,5,,,,,,,,,1944,3,,
,,,,1927,2,,,,,,,,,,,,,,,,,,,1938,1,1944,1,1902,1,1943,1,,,,,1939,2,1917,3,1934,1,,,1939,3,,,,,,,,,,,,,,,,,,,,,,,,,,,,,,,,,,,1944,8,,,,,,,1943,5,,,,,1943,3,1933,1,1942,2,,,1943,4,1944,7,,,,,,,,,1942,3,,
,,,,1925,3,,,,,,,,,,,,,,,,,,,1937,1,1942,4,,,1942,2,,,,,1938,3,1912,1,1933,1,,,1938,2,,,,,,,,,,,,,,,,,,,,,,,,,,,,,,,,,,,1943,5,,,,,,,1942,6,,,,,1942,9,1932,1,1941,1,,,1942,7,1943,2,,,,,,,,,1941,3,,
,,,,1915,1,,,,,,,,,,,,,,,,,,,1936,1,1941,4,,,1941,5,,,,,1937,3,,,1931,2,,,1937,4,,,,,,,,,,,,,,,,,,,,,,,,,,,,,,,,,,,1942,7,,,,,,,1941,2,,,,,1941,8,1931,1,1940,2,,,1941,1,1942,10,,,,,,,,,1940,2,,
,,,,1914,1,,,,,,,,,,,,,,,,,,,1935,2,1940,1,,,1939,5,,,,,1936,3,,,1927,1,,,1936,6,,,,,,,,,,,,,,,,,,,,,,,,,,,,,,,,,,,1941,2,,,,,,,1940,2,,,,,1940,6,1930,1,1939,1,,,1940,7,1941,14,,,,,,,,,1939,4,,
,,,,1911,1,,,,,,,,,,,,,,,,,,,1934,2,1939,2,,,1938,1,,,,,1935,4,,,1926,1,,,1935,8,,,,,,,,,,,,,,,,,,,,,,,,,,,,,,,,,,,1940,1,,,,,,,1939,1,,,,,1939,19,1929,2,1937,3,,,1939,10,1940,6,,,,,,,,,1938,4,,
,,,,1909,1,,,,,,,,,,,,,,,,,,,1933,1,1938,1,,,1937,2,,,,,1934,2,,,1925,1,,,1934,7,,,,,,,,,,,,,,,,,,,,,,,,,,,,,,,,,,,1939,2,,,,,,,1938,11,,,,,1938,14,1925,3,1936,1,,,1938,6,1939,12,,,,,,,,,1937,3,,
,,,,1901,1,,,,,,,,,,,,,,,,,,,1932,1,1937,2,,,1935,3,,,,,1933,3,,,1924,1,,,1933,4,,,,,,,,,,,,,,,,,,,,,,,,,,,,,,,,,,,1938,3,,,,,,,1937,18,,,,,1937,8,1921,1,1935,1,,,1937,22,1938,12,,,,,,,,,1936,5,,
,,,,,,,,,,,,,,,,,,,,,,,,1931,1,1936,1,,,1934,4,,,,,1932,7,,,1923,1,,,1932,3,,,,,,,,,,,,,,,,,,,,,,,,,,,,,,,,,,,1937,8,,,,,,,1936,4,,,,,1936,12,1920,1,1934,2,,,1936,10,1937,12,,,,,,,,,1934,3,,
,,,,,,,,,,,,,,,,,,,,,,,,1923,1,1935,2,,,1933,4,,,,,1931,4,,,1915,2,,,1931,4,,,,,,,,,,,,,,,,,,,,,,,,,,,,,,,,,,,1936,8,,,,,,,1935,6,,,,,1935,7,1918,1,1933,3,,,1935,11,1936,14,,,,,,,,,1933,4,,
,,,,,,,,,,,,,,,,,,,,,,,,1911,1,1934,2,,,1932,8,,,,,1930,6,,,1914,1,,,1930,1,,,,,,,,,,,,,,,,,,,,,,,,,,,,,,,,,,,1935,3,,,,,,,1934,4,,,,,1934,12,1916,1,1931,1,,,1934,7,1935,12,,,,,,,,,1932,2,,
,,,,,,,,,,,,,,,,,,,,,,,,1908,1,1933,3,,,1931,4,,,,,1929,5,,,1913,1,,,1929,3,,,,,,,,,,,,,,,,,,,,,,,,,,,,,,,,,,,1934,8,,,,,,,1933,9,,,,,1933,11,1913,2,1929,1,,,1933,11,1934,6,,,,,,,,,1931,3,,
,,,,,,,,,,,,,,,,,,,,,,,,1904,2,1932,1,,,1929,1,,,,,1928,1,,,1909,1,,,1928,4,,,,,,,,,,,,,,,,,,,,,,,,,,,,,,,,,,,1933,6,,,,,,,1932,2,,,,,1932,3,1909,1,1928,1,,,1932,9,1933,8,,,,,,,,,1930,3,,
,,,,,,,,,,,,,,,,,,,,,,,,1903,1,1931,3,,,1926,2,,,,,1927,3,,,1907,1,,,1927,5,,,,,,,,,,,,,,,,,,,,,,,,,,,,,,,,,,,1932,4,,,,,,,1931,4,,,,,1931,2,1907,1,1926,1,,,1931,8,1932,9,,,,,,,,,1929,2,,
,,,,,,,,,,,,,,,,,,,,,,,,1900,4,1930,1,,,1925,2,,,,,1926,2,,,1906,1,,,1925,3,,,,,,,,,,,,,,,,,,,,,,,,,,,,,,,,,,,1931,8,,,,,,,1930,4,,,,,1930,6,1901,6,1924,3,,,1930,8,1931,8,,,,,,,,,1928,2,,
,,,,,,,,,,,,,,,,,,,,,,,,,,1929,1,,,1922,1,,,,,1925,7,,,1902,1,,,1924,2,,,,,,,,,,,,,,,,,,,,,,,,,,,,,,,,,,,1930,7,,,,,,,1929,1,,,,,1929,11,,,1923,1,,,1929,8,1930,8,,,,,,,,,1927,3,,
,,,,,,,,,,,,,,,,,,,,,,,,,,1928,2,,,1916,1,,,,,1924,4,,,,,,,1923,3,,,,,,,,,,,,,,,,,,,,,,,,,,,,,,,,,,,1929,6,,,,,,,1928,1,,,,,1928,8,,,1921,1,,,1928,7,1929,9,,,,,,,,,1926,1,,
,,,,,,,,,,,,,,,,,,,,,,,,,,1927,3,,,1914,1,,,,,1923,5,,,,,,,1922,2,,,,,,,,,,,,,,,,,,,,,,,,,,,,,,,,,,,1928,5,,,,,,,1927,1,,,,,1927,7,,,1911,1,,,1927,9,1928,5,,,,,,,,,1925,2,,
,,,,,,,,,,,,,,,,,,,,,,,,,,1926,1,,,1913,1,,,,,1922,5,,,,,,,1921,6,,,,,,,,,,,,,,,,,,,,,,,,,,,,,,,,,,,1927,5,,,,,,,1926,4,,,,,1926,8,,,,,,,1926,3,1927,4,,,,,,,,,1924,5,,
,,,,,,,,,,,,,,,,,,,,,,,,,,1925,2,,,1912,1,,,,,1921,5,,,,,,,1920,1,,,,,,,,,,,,,,,,,,,,,,,,,,,,,,,,,,,1926,6,,,,,,,1925,2,,,,,1925,7,,,,,,,1925,17,1926,2,,,,,,,,,1923,2,,
,,,,,,,,,,,,,,,,,,,,,,,,,,1924,2,,,1904,2,,,,,1920,7,,,,,,,1919,1,,,,,,,,,,,,,,,,,,,,,,,,,,,,,,,,,,,1925,1,,,,,,,1924,3,,,,,1924,5,,,,,,,1924,10,1925,2,,,,,,,,,1922,1,,
,,,,,,,,,,,,,,,,,,,,,,,,,,1923,1,,,1901,1,,,,,1919,2,,,,,,,1918,3,,,,,,,,,,,,,,,,,,,,,,,,,,,,,,,,,,,1924,6,,,,,,,1923,2,,,,,1923,4,,,,,,,1923,6,1924,4,,,,,,,,,1921,1,,
,,,,,,,,,,,,,,,,,,,,,,,,,,1922,1,,,1900,1,,,,,1918,6,,,,,,,1917,2,,,,,,,,,,,,,,,,,,,,,,,,,,,,,,,,,,,1923,5,,,,,,,1922,3,,,,,1922,2,,,,,,,1922,5,1923,8,,,,,,,,,1919,1,,
,,,,,,,,,,,,,,,,,,,,,,,,,,1921,3,,,,,,,,,1917,9,,,,,,,1916,2,,,,,,,,,,,,,,,,,,,,,,,,,,,,,,,,,,,1922,4,,,,,,,1921,4,,,,,1921,3,,,,,,,1921,6,1922,6,,,,,,,,,1918,2,,
,,,,,,,,,,,,,,,,,,,,,,,,,,1920,2,,,,,,,,,1916,2,,,,,,,1915,3,,,,,,,,,,,,,,,,,,,,,,,,,,,,,,,,,,,1921,5,,,,,,,1920,3,,,,,1920,2,,,,,,,1920,5,1921,2,,,,,,,,,1917,1,,
,,,,,,,,,,,,,,,,,,,,,,,,,,1919,1,,,,,,,,,1915,8,,,,,,,1914,2,,,,,,,,,,,,,,,,,,,,,,,,,,,,,,,,,,,1920,4,,,,,,,1917,2,,,,,1918,3,,,,,,,1919,2,1920,5,,,,,,,,,1913,1,,
,,,,,,,,,,,,,,,,,,,,,,,,,,1918,1,,,,,,,,,1914,3,,,,,,,1913,2,,,,,,,,,,,,,,,,,,,,,,,,,,,,,,,,,,,1919,2,,,,,,,1916,2,,,,,1916,2,,,,,,,1918,6,1919,3,,,,,,,,,1912,1,,
,,,,,,,,,,,,,,,,,,,,,,,,,,1917,2,,,,,,,,,1913,7,,,,,,,1912,4,,,,,,,,,,,,,,,,,,,,,,,,,,,,,,,,,,,1918,2,,,,,,,1913,1,,,,,1914,2,,,,,,,1917,4,1918,3,,,,,,,,,1911,1,,
,,,,,,,,,,,,,,,,,,,,,,,,,,1915,1,,,,,,,,,1912,3,,,,,,,1911,2,,,,,,,,,,,,,,,,,,,,,,,,,,,,,,,,,,,1917,1,,,,,,,1912,4,,,,,1913,4,,,,,,,1916,4,1917,1,,,,,,,,,1910,1,,
,,,,,,,,,,,,,,,,,,,,,,,,,,1914,1,,,,,,,,,1911,3,,,,,,,1910,3,,,,,,,,,,,,,,,,,,,,,,,,,,,,,,,,,,,1915,3,,,,,,,1911,2,,,,,1912,2,,,,,,,1915,3,1916,1,,,,,,,,,1902,1,,
,,,,,,,,,,,,,,,,,,,,,,,,,,1909,1,,,,,,,,,1910,3,,,,,,,1909,2,,,,,,,,,,,,,,,,,,,,,,,,,,,,,,,,,,,1914,2,,,,,,,1910,3,,,,,1911,2,,,,,,,1914,3,1915,2,,,,,,,,,,,,
,,,,,,,,,,,,,,,,,,,,,,,,,,1908,2,,,,,,,,,1908,3,,,,,,,1908,1,,,,,,,,,,,,,,,,,,,,,,,,,,,,,,,,,,,1913,3,,,,,,,1909,3,,,,,1910,2,,,,,,,1913,6,1914,1,,,,,,,,,,,,
,,,,,,,,,,,,,,,,,,,,,,,,,,1907,3,,,,,,,,,1907,3,,,,,,,1907,6,,,,,,,,,,,,,,,,,,,,,,,,,,,,,,,,,,,1912,3,,,,,,,1907,1,,,,,1909,6,,,,,,,1912,3,1913,3,,,,,,,,,,,,
,,,,,,,,,,,,,,,,,,,,,,,,,,1906,2,,,,,,,,,1906,1,,,,,,,1906,1,,,,,,,,,,,,,,,,,,,,,,,,,,,,,,,,,,,1911,4,,,,,,,1906,1,,,,,1908,1,,,,,,,1911,3,1912,2,,,,,,,,,,,,
,,,,,,,,,,,,,,,,,,,,,,,,,,1905,2,,,,,,,,,1903,2,,,,,,,1905,1,,,,,,,,,,,,,,,,,,,,,,,,,,,,,,,,,,,1910,1,,,,,,,1905,1,,,,,1907,1,,,,,,,1909,3,1911,3,,,,,,,,,,,,
,,,,,,,,,,,,,,,,,,,,,,,,,,1904,2,,,,,,,,,1902,2,,,,,,,1904,3,,,,,,,,,,,,,,,,,,,,,,,,,,,,,,,,,,,1909,2,,,,,,,1903,1,,,,,1906,2,,,,,,,1908,4,1910,1,,,,,,,,,,,,
,,,,,,,,,,,,,,,,,,,,,,,,,,1902,1,,,,,,,,,1901,4,,,,,,,1903,4,,,,,,,,,,,,,,,,,,,,,,,,,,,,,,,,,,,1908,1,,,,,,,1901,2,,,,,1905,1,,,,,,,1907,6,1909,1,,,,,,,,,,,,
,,,,,,,,,,,,,,,,,,,,,,,,,,1901,1,,,,,,,,,,,,,,,,,1902,1,,,,,,,,,,,,,,,,,,,,,,,,,,,,,,,,,,,1907,1,,,,,,,1900,1,,,,,1902,1,,,,,,,1906,3,1908,2,,,,,,,,,,,,
,,,,,,,,,,,,,,,,,,,,,,,,,,1900,1,,,,,,,,,,,,,,,,,1901,1,,,,,,,,,,,,,,,,,,,,,,,,,,,,,,,,,,,1906,1,,,,,,,,,,,,,1901,2,,,,,,,1905,4,1907,4,,,,,,,,,,,,
,,,,,,,,,,,,,,,,,,,,,,,,,,,,,,,,,,,,,,,,,,,,1900,1,,,,,,,,,,,,,,,,,,,,,,,,,,,,,,,,,,,1904,2,,,,,,,,,,,,,1900,2,,,,,,,1904,3,1906,5,,,,,,,,,,,,
,,,,,,,,,,,,,,,,,,,,,,,,,,,,,,,,,,,,,,,,,,,,,,,,,,,,,,,,,,,,,,,,,,,,,,,,,,,,,,,,1903,1,,,,,,,,,,,,,,,,,,,,,1903,2,1905,3,,,,,,,,,,,,
,,,,,,,,,,,,,,,,,,,,,,,,,,,,,,,,,,,,,,,,,,,,,,,,,,,,,,,,,,,,,,,,,,,,,,,,,,,,,,,,1902,1,,,,,,,,,,,,,,,,,,,,,1902,2,1904,2,,,,,,,,,,,,
,,,,,,,,,,,,,,,,,,,,,,,,,,,,,,,,,,,,,,,,,,,,,,,,,,,,,,,,,,,,,,,,,,,,,,,,,,,,,,,,,,,,,,,,,,,,,,,,,,,,,,1901,2,1903,2,,,,,,,,,,,,
,,,,,,,,,,,,,,,,,,,,,,,,,,,,,,,,,,,,,,,,,,,,,,,,,,,,,,,,,,,,,,,,,,,,,,,,,,,,,,,,,,,,,,,,,,,,,,,,,,,,,,,,1902,1,,,,,,,,,,,,
,,,,,,,,,,,,,,,,,,,,,,,,,,,,,,,,,,,,,,,,,,,,,,,,,,,,,,,,,,,,,,,,,,,,,,,,,,,,,,,,,,,,,,,,,,,,,,,,,,,,,,,,1900,2,,,,,,,,,,,,